"party","name","correctYea","wrongYea","wrongNay","correctNay","GMP","CC","coord1D","coord2D","se1D","se2D","corr.1"
"국민의힘","강기윤",341,75,36,66,0.643936395645142,0.785714285714286,0.662275075912476,-0.146312817931175,0,0,0
"국민의힘","강대식",625,127,28,94,0.6716588139534,0.822654462242563,0.667689800262451,0.0442561469972134,0,0,0
"더불어민주당","강득구",951,37,1,7,0.864870071411133,0.961847389558233,-0.462552785873413,-0.0670054405927658,0,0,0
"국민의힘","강민국",507,97,29,106,0.657429158687592,0.829499323410014,0.714585363864899,-0.198572233319283,0,0,0
"더불어민주당","강민정",888,97,18,52,0.750239729881287,0.890995260663507,-0.854548573493958,-0.341374486684799,0,0,0
"더불어민주당","강병원",968,25,0,0,0.920173823833466,0.974823766364552,-0.450218111276627,0.389003574848175,0,0,0
"더불어민주당","강선우",755,16,1,2,0.93748527765274,0.978036175710594,-0.566563665866852,0.207629308104515,0,0,0
"정의당","강은미",894,59,0,86,0.850360751152039,0.943214629451396,-0.65102219581604,-0.759058713912964,0,0,0
"더불어민주당","강준현",1036,7,0,1,0.963051617145538,0.993295019157088,-0.409483909606934,0.350372135639191,0,0,0
"더불어민주당","강훈식",839,17,0,2,0.914282381534576,0.98018648018648,-0.432633489370346,0.127812579274178,0,0,0
"더불어민주당","고민정",1035,30,4,2,0.914028286933899,0.968253968253968,-0.462760329246521,0.0432698167860508,0,0,0
"더불어민주당","고영인",971,12,0,1,0.940365374088287,0.98780487804878,-0.375487923622131,0.327507436275482,0,0,0
"더불어민주당","고용진",961,15,0,1,0.919050991535187,0.984646878198567,-0.349366009235382,0.345692247152328,0,0,0
"무소속","곽상도",219,54,33,107,0.623411238193512,0.789346246973366,0.691660165786743,-0.0560152791440487,0,0,0
"국민의힘","구자근",764,96,5,46,0.753210544586182,0.889132821075741,0.460277080535889,0.130368053913116,0,0,0
"국민의힘","권명호",638,155,59,119,0.62554395198822,0.779608650875386,0.686977326869965,-0.200418636202812,0,0,0
"국민의힘","권성동",515,93,28,113,0.66769677400589,0.83845126835781,0.703364908695221,0.5162393450737,0,0,0
"국민의힘","권영세",443,13,2,4,0.898292183876038,0.967532467532468,-0.0410505458712578,0.00175816006958485,0,0,0
"국민의힘","권은희",334,68,3,9,0.582115590572357,0.828502415458937,0.381102591753006,0.92453271150589,0,0,0
"더불어민주당","권인숙",945,39,5,12,0.89950293302536,0.956043956043956,-0.692851781845093,0.0453490167856216,0,0,0
"더불어민주당","권칠승",501,1,1,0,0.968676686286926,0.996023856858847,-0.320142030715942,0.387580752372742,0,0,0
"더불어민주당","기동민",1051,37,2,7,0.884987235069275,0.964448495897903,-0.56429398059845,0.0710123851895332,0,0,0
"더불어민주당","김경만",1040,15,1,0,0.929250657558441,0.984848484848485,-0.321229755878448,0.355121374130249,0,0,0
"더불어민주당","김경협",844,36,1,7,0.873800277709961,0.958333333333333,-0.643883943557739,0.25495371222496,0,0,0
"더불어민주당","김교흥",930,16,0,1,0.94223827123642,0.983104540654699,-0.443189740180969,0.250647902488708,0,0,0
"국민의힘","김기현",840,26,1,15,0.877863585948944,0.969387755102041,0.019130852073431,-0.157542899250984,0,0,0
"더불어민주당","김남국",825,21,0,3,0.920417308807373,0.975265017667845,-0.601776361465454,0.283185541629791,0,0,0
"국민의힘","김도읍",971,74,7,27,0.806718707084656,0.924930491195551,0.267327487468719,-0.301797568798065,0,0,0
"더불어민주당","김두관",685,14,1,12,0.930645167827606,0.978932584269663,-0.583931982517242,-0.0213018916547298,0,0,0
"국민의힘","김미애",515,168,77,181,0.584066808223724,0.739638682252922,0.758451163768768,-0.555656671524048,0,0,0
"더불어민주당","김민기",1052,53,8,13,0.847755551338196,0.94582593250444,-0.612952768802643,-0.116457737982273,0,0,0
"더불어민주당","김민석",717,9,0,1,0.933538675308228,0.987620357634113,-0.432980984449387,0.246224090456963,0,0,0
"더불어민주당","김민철",1058,4,1,0,0.968951165676117,0.995296331138288,-0.377485752105713,0.315559238195419,0,0,0
"더불어민주당","김병기",735,9,0,1,0.943031251430511,0.987919463087248,-0.507351994514465,0.342098355293274,0,0,0
"더불어민주당","김병욱",1076,7,1,0,0.958889305591583,0.992619926199262,-0.359066158533096,0.334488242864609,0,0,0
"국민의힘","김병욱",533,97,32,59,0.679075241088867,0.821081830790569,0.575776934623718,-0.41767480969429,0,0,0
"더불어민주당","김병주",977,8,0,1,0.947532415390015,0.991886409736308,-0.345570415258408,0.397702693939209,0,0,0
"국민의힘","김상훈",689,15,0,8,0.92007440328598,0.978932584269663,0.0336630120873451,-0.162750616669655,0,0,0
"더불어민주당","김상희",928,27,5,14,0.87131804227829,0.967145790554415,-0.496039599180222,-0.17238737642765,0,0,0
"국민의힘","김석기",369,14,2,9,0.861908853054047,0.959390862944162,0.117344737052917,0.0862346664071083,0,0,0
"국민의힘","김선교",618,100,16,32,0.693310439586639,0.848563968668407,0.471923649311066,-0.267394602298737,0,0,0
"국민의힘","김성원",665,58,6,29,0.791576027870178,0.9155672823219,0.35378223657608,0.335940539836884,0,0,0
"더불어민주당","김성주",963,29,0,16,0.885903835296631,0.971230158730159,-0.549548506736755,-0.0801778733730316,0,0,0
"더불어민주당","김성환",862,3,1,0,0.97185081243515,0.995381062355658,-0.383145183324814,0.232666090130806,0,0,0
"더불어민주당","김수흥",1091,9,1,0,0.952325403690338,0.990917347865577,-0.417441725730896,0.219647511839867,0,0,0
"더불어민주당","김승남",1022,10,1,0,0.938215374946594,0.989351403678606,-0.347016245126724,0.282653599977493,0,0,0
"국민의힘","김승수",581,127,54,82,0.626197159290314,0.785545023696682,0.58579033613205,-0.607011437416077,0,0,0
"더불어민주당","김승원",964,34,0,2,0.891333758831024,0.966,-0.559204339981079,0.303267449140549,0,0,0
"더불어민주당","김영배",1021,5,1,0,0.96367746591568,0.994157740993184,-0.382623791694641,0.240607500076294,0,0,0
"국민의힘","김영식",554,101,28,121,0.684333920478821,0.83955223880597,0.685839831829071,-0.139704838395119,0,0,0
"국민의힘","김영주",1039,9,1,0,0.955710649490356,0.990467111534795,-0.413733780384064,0.218481704592705,0,0,0
"더불어민주당","김영진",1020,7,1,0,0.956058263778687,0.992217898832685,-0.387834697961807,0.249839559197426,0,0,0
"더불어민주당","김영호",1103,19,3,6,0.925440073013306,0.980548187444739,-0.497883826494217,0.0404647141695023,0,0,0
"국민의힘","김예지",830,73,2,13,0.751931428909302,0.918300653594771,0.17813116312027,0.183350905776024,0,0,0
"더불어민주당","김용민",944,40,1,5,0.883500039577484,0.958585858585859,-0.602038502693176,0.236468181014061,0,0,0
"국민의힘","김용판",681,117,41,77,0.680813014507294,0.827510917030568,0.547142148017883,-0.50672721862793,0,0,0
"국민의힘","김웅",385,177,82,297,0.562442421913147,0.724760892667375,0.926222324371338,-0.376977801322937,0,0,0
"더불어민주당","김원이",942,39,4,8,0.878807902336121,0.956696878147029,-0.594900906085968,0.046268567442894,0,0,0
"더불어민주당","김윤덕",881,9,1,5,0.941448390483856,0.988839285714286,-0.47055384516716,0.0298872254788876,0,0,0
"국민의힘","김은혜",110,49,21,78,0.581839680671692,0.728682170542636,0.811622798442841,-0.584181845188141,0,0,0
"국민의힘","김정재",840,62,0,36,0.811628758907318,0.933901918976546,0.327471971511841,0.30943700671196,0,0,0
"더불어민주당","김정호",986,11,1,0,0.944160401821136,0.987975951903808,-0.386985182762146,0.263351619243622,0,0,0
"무소속","김종민",562,15,1,1,0.910158276557922,0.972366148531952,-0.447740316390991,0.221373021602631,0,0,0
"더불어민주당","김주영",1018,43,1,2,0.857532560825348,0.958646616541353,-0.321769773960114,-0.00276263640262187,0,0,0
"열린민주당","김진애",163,4,0,0,0.905868709087372,0.976047904191617,-0.397697418928146,0.140287756919861,0,0,0
"무소속","김진표",845,10,0,0,0.932812988758087,0.988304093567251,-0.371224373579025,0.409039497375488,0,0,0
"더불어민주당","김철민",1015,48,1,1,0.852971255779266,0.953990610328639,-0.555120289325714,0.388732552528381,0,0,0
"더불어민주당","김태년",721,7,0,1,0.957286655902863,0.99039780521262,-0.402366131544113,0.273293644189835,0,0,0
"국민의힘","김태호",179,9,0,4,0.866699516773224,0.953125,0.166693523526192,-0.088908813893795,0,0,0
"국민의힘","김태흠",172,43,18,59,0.614393055438995,0.791095890410959,0.695642948150635,-0.013485437259078,0,0,0
"더불어민주당","김한정",730,15,0,1,0.936482906341553,0.979892761394102,-0.458405822515488,0.182733565568924,0,0,0
"국민의힘","김형동",764,82,7,34,0.756336331367493,0.899661781285231,0.389815837144852,0.255541622638702,0,0,0
"더불어민주당","김홍걸",761,21,5,18,0.914487540721893,0.967701863354037,-0.599527955055237,-0.308519691228867,0,0,0
"더불어민주당","김회재",1011,5,1,0,0.958958208560944,0.994100294985251,-0.317622989416122,0.331381618976593,0,0,0
"국민의힘","김희곤",738,22,4,10,0.886066198348999,0.96640826873385,0.0267216805368662,-0.0845698863267899,0,0,0
"국민의힘","김희국",748,16,1,18,0.905030131340027,0.978288633461047,-0.00773648358881474,-0.262426257133484,0,0,0
"더불어민주당","남인순",928,24,4,13,0.922362685203552,0.971104231166151,-0.579898536205292,-0.0903332456946373,0,0,0
"더불어민주당","노웅래",1039,16,2,4,0.929475545883179,0.983034872761546,-0.429813027381897,-0.0179045256227255,0,0,0
"더불어민주당","도종환",967,21,3,2,0.938014566898346,0.97583081570997,-0.467917919158936,0.0759373754262924,0,0,0
"국민의힘","류성걸",887,90,5,32,0.760936379432678,0.906311637080868,0.327970653772354,-0.235733479261398,0,0,0
"정의당","류호정",935,57,3,72,0.856334030628204,0.943767572633552,-0.607947707176208,-0.793977022171021,0,0,0
"더불어민주당","맹성규",963,2,1,0,0.975809574127197,0.996894409937888,-0.364667117595673,0.249888643622398,0,0,0
"더불어민주당","문정복",787,32,3,1,0.881195724010468,0.957472660996355,-0.590515792369843,0.287866592407227,0,0,0
"더불어민주당","문진석",846,42,4,2,0.815471768379211,0.948545861297539,-0.41473314166069,-0.0216460153460503,0,0,0
"더불어민주당","민병덕",918,20,0,5,0.917675077915192,0.978791092258749,-0.467130124568939,0.104777835309505,0,0,0
"더불어민주당","민형배",917,103,5,30,0.75401782989502,0.897630331753555,-0.832719027996063,0.0950751528143883,0,0,0
"더불어민주당","민홍철",943,35,0,5,0.870144367218018,0.964394710071211,-0.42447492480278,0.0315003804862499,0,0,0
"더불어민주당","박광온",917,10,0,0,0.950536370277405,0.989212513484358,-0.386314958333969,0.224913492798805,0,0,0
"국민의힘","박대수",821,66,6,27,0.79402881860733,0.921739130434783,0.311362206935883,-0.380285769701004,0,0,0
"국민의힘","박대출",305,115,54,199,0.617865204811096,0.74888558692422,0.924436748027802,-0.381335645914078,0,0,0
"국민의힘","박덕흠",273,6,0,2,0.915514469146729,0.97864768683274,-0.0513741597533226,-0.208594173192978,0,0,0
"더불어민주당","박범계",487,9,0,0,0.939662396907806,0.981854838709677,-0.419137477874756,0.148536950349808,0,0,0
"더불어민주당","박병석",677,14,0,1,0.934803783893585,0.979768786127168,-0.345354378223419,0.21984638273716,0,0,0
"더불어민주당","박상혁",944,40,2,0,0.89516669511795,0.957403651115619,-0.620842754840851,0.457845389842987,0,0,0
"국민의힘","박성민",512,40,4,28,0.799766659736633,0.924657534246575,0.26326596736908,-0.224878430366516,0,0,0
"더불어민주당","박성준",1003,14,1,0,0.924392223358154,0.985265225933202,-0.315221846103668,0.452508538961411,0,0,0
"국민의힘","박성중",331,92,20,176,0.616680860519409,0.819063004846527,0.854107737541199,-0.51712429523468,0,0,0
"국민의힘","박수영",759,155,43,89,0.650734126567841,0.810707456978968,0.621191918849945,0.251022487878799,0,0,0
"새로운미래","박영순",913,32,2,8,0.873965501785278,0.964397905759162,-0.464654058218002,-0.115674816071987,0,0,0
"국민의힘","박완수",347,76,20,104,0.631582796573639,0.824497257769653,0.673652470111847,-0.109041661024094,0,0,0
"무소속","박완주",816,21,4,6,0.909158170223236,0.970484061393152,-0.62484747171402,-0.0427343584597111,0,0,0
"더불어민주당","박용진",866,16,3,12,0.925299763679504,0.978818283166109,-0.503804981708527,-0.231784984469414,0,0,0
"더불어민주당","박재호",816,4,0,1,0.971416532993317,0.995127892813642,-0.400503247976303,0.186106294393539,0,0,0
"더불어민주당","박정",1024,12,0,0,0.94784814119339,0.988416988416988,-0.403648138046265,0.326300412416458,0,0,0
"더불어민주당","박주민",719,16,0,0,0.918306291103363,0.978231292517007,-0.476358205080032,0.313573986291885,0,0,0
"국민의힘","박진",624,39,2,17,0.833510756492615,0.939882697947214,0.160880088806152,-0.300403416156769,0,0,0
"더불어민주당","박찬대",880,14,0,2,0.933409988880157,0.984375,-0.443519055843353,0.20529505610466,0,0,0
"국민의힘","박형수",891,72,5,25,0.799263060092926,0.92245720040282,0.299308329820633,-0.0506060346961021,0,0,0
"더불어민주당","박홍근",990,14,0,2,0.947728276252747,0.986083499005964,-0.404507368803024,0.115033805370331,0,0,0
"국민의힘","배준영",583,91,20,57,0.689866960048676,0.85219707057257,0.511437892913818,-0.523851454257965,0,0,0
"정의당","배진교",972,34,1,79,0.882636427879333,0.967771639042357,-0.624748766422272,-0.780825734138489,0,0,0
"국민의힘","배현진",451,71,13,44,0.706721544265747,0.854922279792746,0.515032589435577,-0.0267250649631023,0,0,0
"국민의힘","백종헌",981,28,2,25,0.894528865814209,0.971042471042471,0.0732896104454994,-0.15793451666832,0,0,0
"더불어민주당","백혜련",901,21,0,0,0.927864730358124,0.977223427331887,-0.486316919326782,0.541539251804352,0,0,0
"더불어민주당","변재일",756,11,1,0,0.932797133922577,0.984375,-0.32271346449852,0.345248132944107,0,0,0
"더불어민주당","서동용",982,60,6,19,0.842815220355988,0.938144329896907,-0.775521159172058,-0.0364333800971508,0,0,0
"국민의힘","서범수",950,35,2,21,0.877423524856567,0.963293650793651,0.112825118005276,-0.173305630683899,0,0,0
"국민의힘","서병수",826,118,12,40,0.706059873104095,0.869477911646586,0.444843262434006,0.249564111232758,0,0,0
"더불어민주당","서삼석",1023,4,0,0,0.967805504798889,0.996105160662123,-0.400905638933182,0.285055667161942,0,0,0
"더불어민주당","서영교",940,4,0,0,0.966649651527405,0.995762711864407,-0.355731546878815,0.325684607028961,0,0,0
"더불어민주당","서영석",1109,11,1,1,0.952638566493988,0.989304812834225,-0.416374027729034,0.153175920248032,0,0,0
"국민의힘","서일준",636,84,10,39,0.73066908121109,0.8777633289987,0.41906663775444,-0.305602759122849,0,0,0
"국민의힘","서정숙",630,123,36,88,0.664476096630096,0.818700114025085,0.601279556751251,-0.244548842310905,0,0,0
"새로운미래","설훈",1003,9,0,5,0.961346685886383,0.991150442477876,-0.474458485841751,0.0518782772123814,0,0,0
"국민의힘","성일종",633,64,3,23,0.771726369857788,0.907330567081604,0.359162777662277,-0.174803122878075,0,0,0
"더불어민주당","소병철",1061,5,1,0,0.963798820972443,0.994376757263355,-0.351543337106705,0.364440381526947,0,0,0
"더불어민주당","소병훈",1004,18,5,8,0.94241851568222,0.977777777777778,-0.534222900867462,-0.101464711129665,0,0,0
"더불어민주당","송갑석",651,1,0,1,0.979768693447113,0.998468606431853,-0.443481862545013,0.218069821596146,0,0,0
"더불어민주당","송기헌",885,12,1,0,0.941291928291321,0.985523385300668,-0.320836633443832,0.272987008094788,0,0,0
"국민의힘","송석준",902,39,5,19,0.859544456005096,0.95440414507772,0.122398182749748,-0.164952725172043,0,0,0
"국민의힘","송언석",353,22,1,10,0.853322565555573,0.940414507772021,0.388389140367508,-0.0850667208433151,0,0,0
"더불어민주당","송영길",512,8,0,0,0.921698153018951,0.984615384615385,-0.456192523241043,0.493317246437073,0,0,0
"더불어민주당","송옥주",937,14,0,7,0.948067545890808,0.985386221294363,-0.537436544895172,0.0320977717638016,0,0,0
"더불어민주당","송재호",676,10,0,1,0.921827614307404,0.985443959243086,-0.34614172577858,0.302011042833328,0,0,0
"더불어민주당","신동근",931,44,6,7,0.878533124923706,0.949392712550607,-0.592546880245209,0.0377855338156223,0,0,0
"더불어민주당","신영대",1003,20,1,1,0.92074066400528,0.979512195121951,-0.426059424877167,0.134915411472321,0,0,0
"국민의힘","신원식",495,89,21,55,0.691936254501343,0.833333333333333,0.573656022548676,-0.194797560572624,0,0,0
"더불어민주당","신정훈",945,14,1,2,0.941859781742096,0.984407484407484,-0.459659188985825,0.103896245360374,0,0,0
"더불어민주당","신현영",965,7,0,0,0.966322124004364,0.992798353909465,-0.397833079099655,0.208728641271591,0,0,0
"정의당","심상정",649,33,2,69,0.864241421222687,0.953519256308101,-0.636491894721985,-0.771283328533173,0,0,0
"더불어민주당","안규백",991,16,1,0,0.938636541366577,0.983134920634921,-0.413857311010361,0.270091027021408,0,0,0
"더불어민주당","안민석",1073,6,1,0,0.959073185920715,0.993518518518518,-0.361652344465256,0.277769237756729,0,0,0
"국민의힘","안병길",594,147,57,140,0.641199469566345,0.782515991471215,0.777449667453766,0.0477806553244591,0,0,0
"더불어민주당","안호영",999,13,2,2,0.94648802280426,0.985236220472441,-0.470758110284805,0.100168198347092,0,0,0
"더불어민주당","양경숙",1077,26,4,5,0.919428825378418,0.973021582733813,-0.544555604457855,0.049971979111433,0,0,0
"국민의힘","양금희",689,137,48,114,0.666369378566742,0.812753036437247,0.65913599729538,-0.255845963954926,0,0,0
"더불어민주당","양기대",1070,8,1,0,0.962428987026215,0.991658943466172,-0.394590586423874,0.229467809200287,0,0,0
"더불어민주당","양이원영",905,54,8,18,0.824150741100311,0.937055837563452,-0.653102040290833,-0.249995589256287,0,0,0
"개혁신당","양정숙",1017,26,0,0,0.898256361484528,0.975071907957814,-0.384945273399353,0.21239872276783,0,0,0
"개혁신당","양향자",958,9,1,0,0.947897493839264,0.989669421487603,-0.326097041368484,0.220440536737442,0,0,0
"더불어민주당","어기구",1087,11,0,6,0.958168089389801,0.990036231884058,-0.417755782604218,0.00836368463933468,0,0,0
"국민의힘","엄태영",593,75,8,37,0.722732543945312,0.8835904628331,0.393846899271011,-0.334674835205078,0,0,0
"더불어민주당","오기형",998,21,5,3,0.921365976333618,0.974683544303797,-0.46121546626091,-0.062190655618906,0,0,0
"새로운미래","오영환",906,18,1,1,0.927843868732452,0.979481641468683,-0.519071340560913,0.17887008190155,0,0,0
"더불어민주당","오영훈",525,3,0,0,0.960383534431458,0.994318181818182,-0.569253206253052,0.204598441720009,0,0,0
"기본소득당","용혜인",771,96,17,48,0.692690134048462,0.878755364806867,-0.492830336093903,-0.870125412940979,0,0,0
"더불어민주당","우상호",683,7,2,0,0.958154022693634,0.986994219653179,-0.417264372110367,0.0993563383817673,0,0,0
"무소속","우원식",589,18,2,2,0.8930743932724,0.967266775777414,-0.441401720046997,0.0150888105854392,0,0,0
"더불어민주당","위성곤",1011,63,9,18,0.807664811611176,0.934604904632153,-0.59391176700592,-0.158323913812637,0,0,0
"국민의힘","유경준",558,159,75,129,0.595836102962494,0.745928338762215,0.740304589271545,-0.26602178812027,0,0,0
"더불어민주당","유기홍",744,6,0,5,0.953937113285065,0.99205298013245,-0.483615696430206,0.0607404373586178,0,0,0
"더불어민주당","유동수",1035,12,0,1,0.943927109241486,0.988549618320611,-0.378107130527496,0.409539401531219,0,0,0
"국민의힘","유상범",426,123,59,125,0.599423050880432,0.751705320600273,0.802724123001099,0.336269944906235,0,0,0
"국민의힘","유의동",544,104,27,85,0.66377192735672,0.827631578947368,0.623567283153534,0.0229367110878229,0,0,0
"더불어민주당","유정주",970,23,2,20,0.910703003406525,0.975369458128079,-0.637937784194946,-0.0551815889775753,0,0,0
"더불어민주당","윤건영",898,32,3,10,0.899969458580017,0.96288441145281,-0.652866721153259,0.0390432924032211,0,0,0
"무소속","윤관석",977,0,0,0,0.980721771717072,1,-0.425632834434509,0.307442665100098,0,0,0
"국민의힘","윤두현",475,111,48,163,0.643135964870453,0.800501882057716,0.813338756561279,-0.119287952780724,0,0,0
"무소속","윤미향",894,62,11,46,0.809936821460724,0.927936821322804,-0.866260349750519,-0.359037339687347,0,0,0
"국민의힘","윤상현",343,6,0,2,0.923643231391907,0.982905982905983,-0.110262960195541,-0.196281880140305,0,0,0
"더불어민주당","윤영덕",1012,76,8,24,0.81839519739151,0.925,-0.783627271652222,0.118325851857662,0,0,0
"국민의힘","윤영석",264,17,4,0,0.817500710487366,0.926315789473684,0.0698572620749474,0.538638710975647,0,0,0
"더불어민주당","윤영찬",952,18,1,2,0.924366056919098,0.980472764645427,-0.423892617225647,0.0803117230534554,0,0,0
"더불어민주당","윤재갑",1042,21,1,10,0.922272562980652,0.97951582867784,-0.570918619632721,0.043891616165638,0,0,0
"국민의힘","윤재옥",887,41,1,20,0.860270798206329,0.955742887249737,0.118240103125572,-0.149910688400269,0,0,0
"국민의힘","윤주경",622,156,54,126,0.618168354034424,0.780793319415449,0.710174083709717,0.333235263824463,0,0,0
"더불어민주당","윤준병",1074,27,4,13,0.914702951908112,0.972271914132379,-0.598050951957703,-0.0036041559651494,0,0,0
"국민의힘","윤창현",1008,31,0,25,0.888536393642426,0.970864661654135,0.0966260656714439,-0.14381630718708,0,0,0
"국민의힘","윤한홍",263,46,16,73,0.687268972396851,0.844221105527638,0.755294561386108,0.29158627986908,0,0,0
"더불어민주당","윤호중",938,8,0,0,0.950107753276825,0.99154334038055,-0.446513324975967,0.321592479944229,0,0,0
"더불어민주당","윤후덕",909,10,0,1,0.938992381095886,0.989130434782609,-0.366926461458206,0.277701407670975,0,0,0
"국민의힘","윤희숙",422,99,26,39,0.634288191795349,0.786689419795222,0.48548698425293,-0.573750913143158,0,0,0
"더불어민주당","이개호",1074,8,0,1,0.955962419509888,0.992613111726685,-0.39703157544136,0.367879658937454,0,0,0
"더불어민주당","이광재",406,4,0,0,0.948322594165802,0.990243902439024,-0.535867989063263,0.400729358196259,0,0,0
"더불어민주당","이규민",619,9,0,0,0.925394117832184,0.985668789808917,-0.460679143667221,0.549748122692108,0,0,0
"더불어민주당","이낙연",228,8,0,0,0.854344069957733,0.966101694915254,-0.362105488777161,0.558641493320465,0,0,0
"국민의힘","이달곤",554,40,5,16,0.80716747045517,0.926829268292683,0.205078184604645,-0.237157106399536,0,0,0
"더불어민주당","이동주",1028,10,0,0,0.955189228057861,0.990366088631985,-0.449501037597656,0.218518391251564,0,0,0
"국민의힘","이만희",961,70,3,31,0.830099999904633,0.931455399061033,0.273179799318314,-0.164310246706009,0,0,0
"국민의힘","이명수",799,17,0,3,0.916104912757874,0.979242979242979,-0.096287414431572,0.0298159755766392,0,0,0
"더불어민주당","이병훈",835,22,0,0,0.910787463188171,0.974329054842474,-0.40057435631752,0.142158225178719,0,0,0
"국민의힘","이상민",580,18,0,0,0.889356315135956,0.969899665551839,-0.434946447610855,0.0729501768946648,0,0,0
"무소속","이상직",272,10,0,0,0.870662450790405,0.964539007092199,-0.228315860033035,0.430402368307114,0,0,0
"무소속","이상헌",846,4,0,0,0.968397080898285,0.995294117647059,-0.433790564537048,0.243702262639999,0,0,0
"무소속","이성만",847,18,1,5,0.916007578372955,0.978185993111366,-0.483944654464722,0.00894025154411793,0,0,0
"더불어민주당","이소영",901,35,7,18,0.874739110469818,0.956295525494277,-0.587468564510345,-0.195227473974228,0,0,0
"무소속","이수진",980,6,0,1,0.963259279727936,0.993920972644377,-0.405647128820419,0.374612718820572,0,0,0
"더불어민주당","이수진",908,67,9,13,0.827223598957062,0.923771313941825,-0.73685747385025,-0.0608312413096428,0,0,0
"국민의힘","이양수",739,32,3,21,0.860003173351288,0.955974842767296,0.133115231990814,-0.251544713973999,0,0,0
"국민의힘","이영",360,140,57,179,0.590501964092255,0.732336956521739,0.754487037658691,-0.65631502866745,0,0,0
"국민의힘","이용",489,69,9,27,0.720403134822845,0.868686868686869,0.442411124706268,0.101335041224957,0,0,0
"더불어민주당","이용빈",999,9,0,1,0.956592202186584,0.991080277502478,-0.406208962202072,0.189911723136902,0,0,0
"더불어민주당","이용선",1011,23,4,5,0.916649401187897,0.974113135186961,-0.502346515655518,0.0333378724753857,0,0,0
"더불어민주당","이용우",976,31,4,14,0.884462535381317,0.965853658536585,-0.556698858737946,-0.138616412878036,0,0,0
"국민의힘","이용호",574,75,9,12,0.706395924091339,0.874626865671642,0.342376559972763,0.871048748493195,0,0,0
"개혁신당","이원욱",789,45,0,0,0.816207766532898,0.946043165467626,-0.151101842522621,0.413806885480881,0,0,0
"더불어민주당","이원택",978,10,3,6,0.952272117137909,0.986960882647944,-0.490243494510651,0.0367496982216835,0,0,0
"정의당","이은주",893,45,4,71,0.869784891605377,0.951628825271471,-0.647862136363983,-0.761757612228394,0,0,0
"더불어민주당","이인영",317,11,2,5,0.904378116130829,0.961194029850746,-0.458879351615906,-0.0881127715110779,0,0,0
"더불어민주당","이장섭",989,11,0,1,0.947162985801697,0.989010989010989,-0.411353707313538,0.188426122069359,0,0,0
"더불어민주당","이재정",720,32,3,6,0.866895914077759,0.954007884362681,-0.614213347434998,0.0559656247496605,0,0,0
"더불어민주당","이정문",1045,5,0,1,0.963149547576904,0.995242626070409,-0.368242055177689,0.196775212883949,0,0,0
"국민의힘","이종배",895,75,2,28,0.802222073078156,0.923,0.309060484170914,0.0536549091339111,0,0,0
"국민의힘","이종성",874,96,11,45,0.771961271762848,0.895711500974659,0.421311140060425,-0.249775141477585,0,0,0
"국민의힘","이주환",858,111,7,32,0.725180149078369,0.882936507936508,0.393085151910782,-0.0615362115204334,0,0,0
"국민의힘","이채익",743,22,2,12,0.883888840675354,0.969191270860077,0.0195353105664253,-0.169249445199966,0,0,0
"국민의힘","이철규",825,72,4,22,0.799486339092255,0.917659804983749,0.312750995159149,-0.219748556613922,0,0,0
"더불어민주당","이탄희",863,30,5,22,0.872583210468292,0.96195652173913,-0.56503826379776,-0.340362757444382,0,0,0
"국민의힘","이태규",455,122,24,82,0.582070708274841,0.786237188872621,0.648439586162567,0.395542532205582,0,0,0
"더불어민주당","이학영",893,8,0,1,0.955125629901886,0.991130820399113,-0.391050457954407,0.20976348221302,0,0,0
"더불어민주당","이해식",1022,16,1,11,0.943589568138123,0.983809523809524,-0.581925928592682,0.0476794019341469,0,0,0
"국민의힘","이헌승",892,132,17,50,0.708946228027344,0.863428047662695,0.470228970050812,-0.112207032740116,0,0,0
"더불어민주당","이형석",1017,52,4,7,0.881174921989441,0.948148148148148,-0.705850005149841,0.349322497844696,0,0,0
"더불어민주당","인재근",1034,15,2,7,0.94134658575058,0.983931947069943,-0.487677067518234,0.0291559528559446,0,0,0
"더불어민주당","임오경",1060,8,1,1,0.959193110466003,0.991588785046729,-0.424320369958878,0.174276322126389,0,0,0
"국민의힘","임이자",952,90,2,32,0.788354158401489,0.91449814126394,0.341230779886246,0.119618490338326,0,0,0
"더불어민주당","임종성",953,36,3,11,0.901672661304474,0.96111665004985,-0.641217172145844,0.0343397706747055,0,0,0
"더불어민주당","임호선",1062,28,1,4,0.915511786937714,0.97351598173516,-0.553356468677521,0.208337292075157,0,0,0
"더불어민주당","장경태",947,17,0,1,0.940402090549469,0.982383419689119,-0.519121766090393,0.387043625116348,0,0,0
"국민의힘","장제원",336,18,4,15,0.841314256191254,0.941018766756032,0.204379692673683,-0.114880479872227,0,0,0
"더불어민주당","장철민",991,18,3,14,0.93241024017334,0.97953216374269,-0.572311520576477,-0.122442699968815,0,0,0
"정의당","장혜영",941,89,0,89,0.821070373058319,0.920464700625559,-0.623165965080261,-0.782089591026306,0,0,0
"국민의힘","전봉민",736,108,15,43,0.715044915676117,0.863636363636364,0.464311122894287,-0.221813321113586,0,0,0
"더불어민주당","전용기",1073,26,4,7,0.921474516391754,0.972972972972973,-0.545966327190399,0.0120434844866395,0,0,0
"더불어민주당","전재수",818,3,0,1,0.972118496894836,0.996350364963504,-0.33760541677475,0.336959898471832,0,0,0
"국민의힘","전주혜",533,97,42,74,0.664243459701538,0.813672922252011,0.604362726211548,-0.472793757915497,0,0,0
"더불어민주당","전해철",537,28,0,2,0.876394987106323,0.950617283950617,-0.566542685031891,0.69554740190506,0,0,0
"무소속","전혜숙",775,14,0,1,0.921378374099731,0.982278481012658,-0.413408428430557,0.461428105831146,0,0,0
"국민의힘","정경희",408,109,81,320,0.628504395484924,0.793028322440087,0.963710129261017,0.220601499080658,0,0,0
"국민의힘","정동만",957,88,6,37,0.774664342403412,0.913602941176471,0.317757695913315,-0.374822348356247,0,0,0
"더불어민주당","정성호",951,8,1,0,0.950121283531189,0.990625,-0.338085412979126,0.23471811413765,0,0,0
"국민의힘","정운천",553,20,2,16,0.866135597229004,0.962774957698816,0.0584382638335228,-0.244333401322365,0,0,0
"더불어민주당","정일영",1032,3,1,0,0.972414255142212,0.996138996138996,-0.369646430015564,0.330864459276199,0,0,0
"국민의힘","정점식",769,97,7,61,0.737552285194397,0.88865096359743,0.482447326183319,0.233434930443764,0,0,0
"더불어민주당","정정순",192,0,0,0,0.992504596710205,1,-0.669652283191681,0.347851306200027,0,0,0
"국민의힘","정진석",880,24,2,3,0.89892965555191,0.971397139713971,-0.0623557269573212,0.0187117960304022,0,0,0
"국민의힘","정찬민",621,27,6,20,0.855247139930725,0.951038575667656,0.0636487528681755,-0.158993512392044,0,0,0
"더불어민주당","정청래",1031,5,1,0,0.966527700424194,0.994214079074253,-0.382165968418121,0.337215423583984,0,0,0
"더불어민주당","정춘숙",901,39,8,15,0.86896938085556,0.951194184839045,-0.609307527542114,-0.1380405575037,0,0,0
"더불어민주당","정태호",1035,24,2,4,0.908188343048096,0.975586854460094,-0.49632140994072,0.0890110209584236,0,0,0
"더불어민주당","정필모",1086,21,5,17,0.936919212341309,0.976970770593446,-0.593443930149078,-0.0809838771820068,0,0,0
"국민의힘","정희용",841,114,12,42,0.72631299495697,0.875123885034688,0.44572901725769,-0.102771528065205,0,0,0
"국민의힘","조경태",645,99,15,40,0.699603140354156,0.857321652065081,0.48380520939827,0.000267579307546839,0,0,0
"국민의힘","조명희",689,119,29,111,0.682360410690308,0.843881856540084,0.634035229682922,0.0773297995328903,0,0,0
"국민의힘","조수진",336,96,40,159,0.611929059028625,0.784469096671949,0.843661904335022,0.536874949932098,0,0,0
"더불어민주당","조승래",1018,14,0,2,0.947824418544769,0.986460348162476,-0.500143945217133,0.226712808012962,0,0,0
"더불어민주당","조오섭",1019,49,5,9,0.864355981349945,0.950092421441775,-0.629469871520996,0.102393321692944,0,0,0
"개혁신당","조응천",679,43,1,0,0.821563839912415,0.939142461964039,-0.213731303811073,0.976892471313477,0,0,0
"더불어민주당","조정식",704,1,0,0,0.97547048330307,0.998581560283688,-0.420795887708664,0.360098391771317,0,0,0
"국민의힘","조정훈",703,18,6,5,0.899533569812775,0.967213114754098,-0.342011392116547,-0.215608775615692,0,0,0
"국민의힘","조태용",597,63,13,39,0.75115305185318,0.893258426966292,0.324789881706238,-0.585413873195648,0,0,0
"국민의힘","조해진",573,8,1,14,0.92671400308609,0.98489932885906,-0.0563394911587238,-0.21350160241127,0,0,0
"더불어민주당","주철현",1065,16,1,0,0.925653457641602,0.984288354898336,-0.26277956366539,0.359188377857208,0,0,0
"국민의힘","주호영",425,70,12,41,0.68861711025238,0.85036496350365,0.594706177711487,-0.0121732577681541,0,0,0
"국민의힘","지성호",816,101,13,23,0.743568539619446,0.880377754459601,0.410687297582626,-0.194096103310585,0,0,0
"더불어민주당","진선미",1043,16,0,2,0.937149584293365,0.984919886899152,-0.457229226827621,0.180236622691154,0,0,0
"더불어민주당","진성준",917,44,11,7,0.874098241329193,0.943820224719101,-0.616569697856903,-0.00501267099753022,0,0,0
"더불어민주당","천준호",890,15,1,0,0.934760272502899,0.98233995584989,-0.498926162719727,0.345444768667221,0,0,0
"더불어민주당","최강욱",810,17,3,11,0.929758429527283,0.976218787158145,-0.609659016132355,-0.228468760848045,0,0,0
"더불어민주당","최기상",1019,17,2,7,0.935547292232513,0.981818181818182,-0.472021639347076,0.0163070652633905,0,0,0
"국민의힘","최승재",511,163,47,111,0.586347639560699,0.747596153846154,0.683911263942719,0.277012020349503,0,0,0
"국민의힘","최연숙",625,97,21,37,0.686915338039398,0.848717948717949,0.484016180038452,-0.512259006500244,0,0,0
"더불어민주당","최인호",859,11,0,0,0.940485596656799,0.987356321839081,-0.387399226427078,0.119773238897324,0,0,0
"더불어민주당","최종윤",1056,4,0,1,0.967558205127716,0.996229971724788,-0.415160030126572,0.223909020423889,0,0,0
"국민의힘","최춘식",510,90,20,60,0.67176878452301,0.838235294117647,0.550264418125153,-0.150393202900887,0,0,0
"국민의힘","최형두",613,77,10,24,0.718712449073792,0.879834254143646,0.398719877004623,0.602223992347717,0,0,0
"더불어민주당","최혜영",880,36,2,17,0.885274887084961,0.959358288770053,-0.713141739368439,-0.0375210270285606,0,0,0
"국민의힘","추경호",537,72,2,33,0.759293496608734,0.885093167701863,0.424222946166992,-0.0223616696894169,0,0,0
"국민의힘","태영호",661,79,9,21,0.713444352149963,0.885714285714286,0.363133400678635,0.0159043651074171,0,0,0
"무소속","하영제",669,105,13,38,0.708460032939911,0.856969696969697,0.435424953699112,0.0153538379818201,0,0,0
"국민의힘","하태경",374,41,3,12,0.730863630771637,0.897674418604651,0.263375997543335,-0.0298771783709526,0,0,0
"국민의힘","한기호",604,116,43,192,0.647297620773315,0.833507853403141,0.757446050643921,0.513797521591187,0,0,0
"국민의힘","한무경",499,134,63,176,0.607803344726562,0.774082568807339,0.84267920255661,-0.0221110265702009,0,0,0
"더불어민주당","한병도",1056,6,0,1,0.961970269680023,0.994355597365945,-0.416145652532578,0.280823737382889,0,0,0
"더불어민주당","한정애",431,11,2,1,0.906569361686707,0.970786516853933,-0.452592074871063,0.0881490185856819,0,0,0
"더불어민주당","한준호",925,17,2,9,0.921395778656006,0.9800629590766,-0.570166289806366,0.0427576825022697,0,0,0
"더불어민주당","허영",1022,38,3,9,0.902286052703857,0.961753731343284,-0.635719239711761,0.0424625389277935,0,0,0
"국민의힘","허은아",524,148,59,140,0.586189985275269,0.762342135476464,0.647615790367126,-0.76196700334549,0,0,0
"더불어민주당","허종식",1055,11,1,0,0.95213770866394,0.98875351452671,-0.401897698640823,0.139813125133514,0,0,0
"더불어민주당","홍기원",927,14,0,1,0.942284286022186,0.985138004246285,-0.420460164546967,0.230694100260735,0,0,0
"국민의힘","홍문표",600,14,0,6,0.907676994800568,0.97741935483871,-0.0454960577189922,-0.0588111244142056,0,0,0
"국민의힘","홍석준",576,152,71,157,0.625622630119324,0.76673640167364,0.787956535816193,-0.312184751033783,0,0,0
"더불어민주당","홍성국",1082,3,0,1,0.971560955047607,0.997237569060773,-0.37438029050827,0.351572751998901,0,0,0
"새로운미래","홍영표",699,14,4,2,0.93523907661438,0.974965229485396,-0.509807467460632,0.0537700839340687,0,0,0
"더불어민주당","홍익표",944,19,2,1,0.928203701972961,0.978260869565217,-0.401288151741028,0.0207271706312895,0,0,0
"더불어민주당","홍정민",1012,7,1,0,0.956713557243347,0.992156862745098,-0.359209388494492,0.393948495388031,0,0,0
"국민의힘","홍준표",193,51,16,17,0.593835115432739,0.75812274368231,0.51237165927887,-0.334990948438644,0,0,0
"자유통일당","황보승희",541,91,30,71,0.680155217647552,0.834924965893588,0.599875509738922,0.689397752285004,0,0,0
"조국혁신당","황운하",985,10,0,7,0.950304687023163,0.99001996007984,-0.481599152088165,-0.0199819002300501,0,0,0
"더불어민주당","황희",382,4,0,1,0.941371560096741,0.989664082687339,-0.32313796877861,0.390804916620255,0,0,0
"더불어민주당","김의겸",323,12,2,9,0.859255313873291,0.959537572254335,-0.512610971927643,-0.0753738731145859,0,0,0
"국민의힘","최재형",270,40,7,16,0.708684861660004,0.858858858858859,0.73222678899765,-0.681060969829559,0,0,0
"국민의힘","조은희",218,15,0,0,0.802416920661926,0.935622317596567,0.480760544538498,0.3111771941185,0,0,0
"국민의힘","임병헌",350,3,0,0,0.944362938404083,0.991501416430595,-0.0606861636042595,0.22319607436657,0,0,0
"국민의힘","김학용",235,10,0,1,0.901503562927246,0.959349593495935,0.319861143827438,0.128112092614174,0,0,0
"국민의힘","정우택",119,3,0,0,0.932042002677917,0.975409836065574,0.0420887880027294,0.52377188205719,0,0,0
"국민의힘","노용호",326,11,0,4,0.898609697818756,0.967741935483871,0.370528101921082,0.460413426160812,0,0,0
"국민의힘","이인선",206,9,0,0,0.860522747039795,0.958139534883721,0.240838557481766,-0.147687911987305,0,0,0
"더불어민주당","이재명",152,1,0,1,0.959019541740417,0.993506493506494,-0.312455207109451,0.065554603934288,0,0,0
"국민의힘","안철수",180,26,1,1,0.684709191322327,0.870192307692308,-0.174152493476868,0.984718680381775,0,0,0
"국민의힘","박정하",253,6,0,0,0.943409979343414,0.976833976833977,0.260028183460236,0.129962995648384,0,0,0
"국민의힘","김영선",232,25,0,1,0.754548192024231,0.903100775193798,0.110125102102757,0.99391782283783,0,0,0
"국민의힘","장동혁",235,7,0,2,0.925573706626892,0.971311475409836,0.329527825117111,0.34329479932785,0,0,0
"더불어민주당","김한규",285,7,0,1,0.921110928058624,0.976109215017065,-0.255277901887894,0.0608666650950909,0,0,0
"국민의힘","최영희",261,11,0,0,0.886449098587036,0.959558823529412,0.257500052452087,-0.0872034281492233,0,0,0
"진보당","강성희",128,30,14,30,0.611656248569489,0.782178217821782,-0.818366348743439,-0.344397634267807,0,0,0
"더불어민주당","허숙정",92,15,5,10,0.644378006458282,0.836065573770492,-0.65518057346344,-0.143667846918106,0,0,0
"국민의힘","우신구",89,1,0,0,0.942081391811371,0.988888888888889,-0.117741897702217,0.337568402290344,0,0,0
"국민의힘","김은희",48,3,0,0,0.788603365421295,0.941176470588235,-0.295717537403107,0.955275475978851,0,0,0
"정의당","양경규",10,5,0,5,0.749014914035797,0.75,-0.905632555484772,-0.424063295125961,0,0,0
"정의당","이자스민",12,3,0,5,0.769896924495697,0.85,-0.852738261222839,-0.522338628768921,0,0,0
"국민의힘","김근태",NA,NA,NA,NA,NA,NA,NA,NA,NA,NA,NA
